
--MOMINA ATIF DAR -- P18-0030 -- SECTION B

--DATA INSERTION


--DATA FOR CUSTOMER_DETAIL

INSERT INTO CUSTOMER_DETAIL VALUES('Elizabeth Jackson','(206)284-6783','123-4th Avenue Fonthill, ON L3J 4S4');
INSERT INTO CUSTOMER_DETAIL VALUES('Adam Jeff','(234)874-9274','432 9th Avenue London, UK P7J 4KI');
INSERT INTO CUSTOMER_DETAIL VALUES('Sherlock Holmes','(798)324-9583','221-B Bakers Street London, UK 321G 789');
INSERT INTO CUSTOMER_DETAIL VALUES('Tommy Hilfiger','(677)653-8392','H-8 Faiz Ahmad faiz Road ICT, PK 661B');
INSERT INTO CUSTOMER_DETAIL VALUES('Jennifer Lawrence','(123)456-7891','Bay view Jackson ,LA 45J');



--DATA FOR ARTIST_DETAIL

INSERT INTO ARTIST_DETAIL VALUES(03,'Carrol Channing');
INSERT INTO ARTIST_DETAIL VALUES(15,'Dennis Frings');
INSERT INTO ARTIST_DETAIL VALUES(06,'Jennifer Lopez');
INSERT INTO ARTIST_DETAIL VALUES(02,'Major Lazer');
INSERT INTO ARTIST_DETAIL VALUES(01,'Jason Stathom');
INSERT INTO ARTIST_DETAIL VALUES(19,'Robert Downey Jr.');



--DATA FOR PAINTINGS

INSERT INTO PAINTINGS VALUES(03,'Laugh with Teeth');
INSERT INTO PAINTINGS VALUES(15,'South toward Emerald Sea');
INSERT INTO PAINTINGS VALUES(03,'At the movies');
INSERT INTO PAINTINGS VALUES(06,'On the Floor');
INSERT INTO PAINTINGS VALUES(02,'Cold Water');
INSERT INTO PAINTINGS VALUES(01,'Transporter');
INSERT INTO PAINTINGS VALUES(19,'Ironman');
INSERT INTO PAINTINGS VALUES(01,'Fast and the Furious');
INSERT INTO PAINTINGS VALUES(02,'Blow the Smoke');
INSERT INTO PAINTINGS VALUES(02,'Together');



--DATA FOR PURCHASES/TRANSACTIONS

INSERT INTO PURCHASES VALUES('Elizabeth Jackson',03,'Laugh with Teeth','2000-09-17','7000.00');
INSERT INTO PURCHASES VALUES('Elizabeth Jackson',15,'South toward Emerald Sea','2000-05-11','1800.00');
INSERT INTO PURCHASES VALUES('Elizabeth Jackson',03,'At the Movies','2002-02-14','5500.00');
INSERT INTO PURCHASES VALUES('Elizabeth Jackson',15,'South toward Emerald Sea','2003-07-15','2200.00');
INSERT INTO PURCHASES VALUES('Adam Jeff',02,'Cold Water','2003-08-17','8300.00');
INSERT INTO PURCHASES VALUES('Adam Jeff',01,'Transporter','2004-09-13','2700.00');
INSERT INTO PURCHASES VALUES('Sherlock Holmes',19,'Ironman','2004-10-15','4600.00');
INSERT INTO PURCHASES VALUES('Sherlock Holmes',02,'Cold Water','2004-08-17','9500.00');
INSERT INTO PURCHASES VALUES('Jennifer Lawrence',19,'Ironman','2005-01-02','5000.00');
INSERT INTO PURCHASES VALUES('Jennifer Lawrence',06,'On the Floor','2005-02-27','1500.00');
INSERT INTO PURCHASES VALUES('Tommy Hilfiger',01,'Fast and the Furious','2005-07-16','2800.00');
INSERT INTO PURCHASES VALUES('Tommy Hilfiger',06,'On the Floor','2005-07-27','2200.00');
INSERT INTO PURCHASES VALUES('Tommy Hilfiger',01,'Transporter','2006-09-15','3700.00');
INSERT INTO PURCHASES VALUES('Sherlock Holmes',15,'South toward Emerald Sea','2006-10-21','5500.00');
INSERT INTO PURCHASES VALUES('Adam Jeff',02,'Together','2007-02-12','1600.00');